<?xml version="1.0" encoding="UTF-8"?>
<metadata modelVersion="1.1.0">
  <groupId>com.microsoft.sqlserver</groupId>
  <artifactId>mssql-jdbc</artifactId>
  <version>8.3.0-SNAPSHOT</version>
  <versioning>
    <snapshot>
      <localCopy>true</localCopy>
    </snapshot>
    <lastUpdated>20200327131532</lastUpdated>
    <snapshotVersions>
      <snapshotVersion>
        <classifier>javadoc</classifier>
        <extension>jar</extension>
        <value>8.3.0-SNAPSHOT</value>
        <updated>20200327131532</updated>
      </snapshotVersion>
      <snapshotVersion>
        <classifier>sources</classifier>
        <extension>jar</extension>
        <value>8.3.0-SNAPSHOT</value>
        <updated>20200327131532</updated>
      </snapshotVersion>
      <snapshotVersion>
        <extension>jar</extension>
        <value>8.3.0-SNAPSHOT</value>
        <updated>20200327131532</updated>
      </snapshotVersion>
      <snapshotVersion>
        <extension>pom</extension>
        <value>8.3.0-SNAPSHOT</value>
        <updated>20200327131532</updated>
      </snapshotVersion>
    </snapshotVersions>
  </versioning>
</metadata>
